species,year,genus_species,source,Order,Family,Genus,Mode of introduction,Establishment indoors/outdoors,Eradicated after the initial establishment
Blaberus parabolicus Walker,1989,Blaberus parabolicus,"Causton, 2006",NA,NA,NA,NA,NA,NA
Nauphoeta cinerea (Olivier),1893,Nauphoeta cinerea,"Causton, 2006",NA,NA,NA,NA,NA,NA
Phoetalia pallida (Brunner),1920,Phoetalia pallida,"Causton, 2006",NA,NA,NA,NA,NA,NA
Pycnoscelus surinamensis (L.),1877,Pycnoscelus surinamensis,"Causton, 2006",NA,NA,NA,NA,NA,NA
Rhyparobia maderae (F.),1989,Rhyparobia maderae,"Causton, 2006",NA,NA,NA,NA,NA,NA
Anaplecta lateralis (Burmeister),1991,Anaplecta lateralis,"Causton, 2006",NA,NA,NA,NA,NA,NA
Blattella germanica (L.),1920,Blattella germanica,"Causton, 2006",NA,NA,NA,NA,NA,NA
Symploce pallens (Stephens),1916,Symploce pallens,"Causton, 2006",NA,NA,NA,NA,NA,NA
Periplaneta americana (L.),1877,Periplaneta americana,"Causton, 2006",NA,NA,NA,NA,NA,NA
Periplaneta australasiae (F.),1889,Periplaneta australasiae,"Causton, 2006",NA,NA,NA,NA,NA,NA
Periplaneta brunnea Burmeister,1920,Periplaneta brunnea,"Causton, 2006",NA,NA,NA,NA,NA,NA
Stegobium paniceum (L.),1985,Stegobium paniceum,"Causton, 2006",NA,NA,NA,NA,NA,NA
Omonadus floralis (L.),1989,Omonadus floralis,"Causton, 2006",NA,NA,NA,NA,NA,NA
Araecerus fasciculatus (De Geer),1985,Araecerus fasciculatus,"Causton, 2006",NA,NA,NA,NA,NA,NA
Dinoderus minutus (F.),1985,Dinoderus minutus,"Causton, 2006",NA,NA,NA,NA,NA,NA
Lyctus brunneus Stephens,1964,Lyctus brunneus,"Causton, 2006",NA,NA,NA,NA,NA,NA
Lyctus sp1,1989,Lyctus sp1,"Causton, 2006",NA,NA,NA,NA,NA,NA
Minthea rugicollis (Walker),1985,Minthea rugicollis,"Causton, 2006",NA,NA,NA,NA,NA,NA
Sinoxylon conigerum,1996,Sinoxylon conigerum,"Causton, 2006",NA,NA,NA,NA,NA,NA
Trogoxylon sp1,1985,Trogoxylon sp1,"Causton, 2006",NA,NA,NA,NA,NA,NA
Trogoxylon sp2,1996,Trogoxylon sp2,"Causton, 2006",NA,NA,NA,NA,NA,NA
Brentus sp1,2000,Brentus sp1,"Causton, 2006",NA,NA,NA,NA,NA,NA
Acanthoscelides obtectus (Say),1964,Acanthoscelides obtectus,"Causton, 2006",NA,NA,NA,NA,NA,NA
Zabrotes subfaciatus (Boheman),1985,Zabrotes subfaciatus,"Causton, 2006",NA,NA,NA,NA,NA,NA
Acupalpus sp1,1991,Acupalpus sp1,"Causton, 2006",NA,NA,NA,NA,NA,NA
Acupalpus sp2,1998,Acupalpus sp2,"Causton, 2006",NA,NA,NA,NA,NA,NA
Bradycellus sp1,1996,Bradycellus sp1,"Causton, 2006",NA,NA,NA,NA,NA,NA
Calleida migratoria,1998,Calleida migratoria,"Causton, 2006",NA,NA,NA,NA,NA,NA
Cicindela trifasciata,1983,Cicindela trifasciata,"Causton, 2006",NA,NA,NA,NA,NA,NA
Thalpius sp1,1992,Thalpius sp1,"Causton, 2006",NA,NA,NA,NA,NA,NA
Pentagonica flavipes (Le Conte),1982,Pentagonica flavipes,"Causton, 2006",NA,NA,NA,NA,NA,NA
Thalpius sp2,2000,Thalpius sp2,"Causton, 2006",NA,NA,NA,NA,NA,NA
Carphina arcifera Bates,1989,Carphina arcifera,"Causton, 2006",NA,NA,NA,NA,NA,NA
Nesoeme kuscheli Linsley & Chemsak,1964,Nesoeme kuscheli,"Causton, 2006",NA,NA,NA,NA,NA,NA
Euxestus erithaeus Chevrolat,1985,Euxestus erithaeus,"Causton, 2006",NA,NA,NA,NA,NA,NA
Murmidius ovalis (Beck),1964,Murmidius ovalis,"Causton, 2006",NA,NA,NA,NA,NA,NA
Chaetocnema confinis Crotch,1985,Chaetocnema confinis,"Causton, 2006",NA,NA,NA,NA,NA,NA
Necrobia rufipes De Geer,1835,Necrobia rufipes,"Causton, 2006",NA,NA,NA,NA,NA,NA
Tarsostenus univittatus (Rossi),1985,Tarsostenus univittatus,"Causton, 2006",NA,NA,NA,NA,NA,NA
Coccidophilus sp,1985,Coccidophilus sp,"Causton, 2006",NA,NA,NA,NA,NA,NA
Rodolia cardinalis Mulsant,2002,Rodolia cardinalis,"Causton, 2006",NA,NA,NA,NA,NA,NA
Allopentarthrum elumbe (Boheman),1964,Allopentarthrum elumbe,"Causton, 2006",NA,NA,NA,NA,NA,NA
Catolethrus sp1,1989,Catolethrus sp1,"Causton, 2006",NA,NA,NA,NA,NA,NA
Caulophilus oryzae (Gyllenhal),1964,Caulophilus oryzae,"Causton, 2006",NA,NA,NA,NA,NA,NA
Coelosternus leporinus (Champion),2001,Coelosternus leporinus,"Causton, 2006",NA,NA,NA,NA,NA,NA
Cosmopolites sordidus (Germar),1964,Cosmopolites sordidus,"Causton, 2006",NA,NA,NA,NA,NA,NA
Eubulus pilipectus (Champion),1989,Eubulus pilipectus,"Causton, 2006",NA,NA,NA,NA,NA,NA
Euscepes postfasciatus Fairmaire,1975,Euscepes postfasciatus,"Causton, 2006",NA,NA,NA,NA,NA,NA
Galapaganus howdenae Lanteri,1999,Galapaganus howdenae,"Causton, 2006",NA,NA,NA,NA,NA,NA
Metamasius hemipterus (L.),1964,Metamasius hemipterus,"Causton, 2006",NA,NA,NA,NA,NA,NA
Polytus mellerborgii (Boheman),2000,Polytus mellerborgii,"Causton, 2006",NA,NA,NA,NA,NA,NA
Semnorhynchus sp,1989,Semnorhynchus sp,"Causton, 2006",NA,NA,NA,NA,NA,NA
Sitophilus oryzae (L.),1964,Sitophilus oryzae,"Causton, 2006",NA,NA,NA,NA,NA,NA
Steirrhinus sp1,1999,Steirrhinus sp1,"Causton, 2006",NA,NA,NA,NA,NA,NA
Dermestes ater De Geer,1985,Dermestes ater,"Causton, 2006",NA,NA,NA,NA,NA,NA
Dermestes carnivorus,1899,Dermestes carnivorus,"Causton, 2006",NA,NA,NA,NA,NA,NA
Dermestes maculatus De Geer,1835,Dermestes maculatus,"Causton, 2006",NA,NA,NA,NA,NA,NA
Carcinops sp1,1989,Carcinops sp1,"Causton, 2006",NA,NA,NA,NA,NA,NA
Paromalus sp1,1989,Paromalus sp1,"Causton, 2006",NA,NA,NA,NA,NA,NA
Aculomicrus sp.,1989,Aculomicrus sp.,"Causton, 2006",NA,NA,NA,NA,NA,NA
Dactylosternum abdominale F.,1989,Dactylosternum abdominale,"Causton, 2006",NA,NA,NA,NA,NA,NA
Dactylosternum sp,1989,Dactylosternum sp,"Causton, 2006",NA,NA,NA,NA,NA,NA
Cryptolestes klapperichi Lefkovitch,1985,Cryptolestes klapperichi,"Causton, 2006",NA,NA,NA,NA,NA,NA
Placonotus politissimus (Wollaston),1989,Placonotus politissimus,"Causton, 2006",NA,NA,NA,NA,NA,NA
Adistemia watsoni (Wollaston),1985,Adistemia watsoni,"Causton, 2006",NA,NA,NA,NA,NA,NA
Cartodere constricta (Gyllenhal),1985,Cartodere constricta,"Causton, 2006",NA,NA,NA,NA,NA,NA
Dienerella filum (Aube),1985,Dienerella filum,"Causton, 2006",NA,NA,NA,NA,NA,NA
Monotoma sp1,1989,Monotoma sp1,"Causton, 2006",NA,NA,NA,NA,NA,NA
Typhaea stercorea (L.),1989,Typhaea stercorea,"Causton, 2006",NA,NA,NA,NA,NA,NA
Brachypeplus sp.,1985,Brachypeplus sp.,"Causton, 2006",NA,NA,NA,NA,NA,NA
"Carpophilus dimidiatus (F.), corn sap beetle",1985,Carpophilus dimidiatus,"Causton, 2006",NA,NA,NA,NA,NA,NA
Colopterus sp1,1996,Colopterus sp1,"Causton, 2006",NA,NA,NA,NA,NA,NA
Colopterus truncatus Randall,1991,Colopterus truncatus,"Causton, 2006",NA,NA,NA,NA,NA,NA
Conotelus sp1,1985,Conotelus sp1,"Causton, 2006",NA,NA,NA,NA,NA,NA
Haptoncus luteolus (Erichson),1989,Haptoncus luteolus,"Causton, 2006",NA,NA,NA,NA,NA,NA
Stelidota sp1,1989,Stelidota sp1,"Causton, 2006",NA,NA,NA,NA,NA,NA
Urophorus humeralis F.,1989,Urophorus humeralis,"Causton, 2006",NA,NA,NA,NA,NA,NA
Acrotrichis discoloroides Johnson,1989,Acrotrichis discoloroides,"Causton, 2006",NA,NA,NA,NA,NA,NA
Bambara steevesi (Dybas),1975,Bambara steevesi,"Causton, 2006",NA,NA,NA,NA,NA,NA
Ancholaemus acuminatus Fairmaire,1966,Ancholaemus acuminatus,"Causton, 2006",NA,NA,NA,NA,NA,NA
Trigonodera lineata (Champion),1964,Trigonodera lineata,"Causton, 2006",NA,NA,NA,NA,NA,NA
Ataenius gracilis (Melsheimer),1991,Ataenius gracilis,"Causton, 2006",NA,NA,NA,NA,NA,NA
Ataenius liogaster Bates,1989,Ataenius liogaster,"Causton, 2006",NA,NA,NA,NA,NA,NA
Coccotrypes carpophagus (Hornung),1989,Coccotrypes carpophagus,"Causton, 2006",NA,NA,NA,NA,NA,NA
Coccotrypes dactyliperda (F.),1991,Coccotrypes dactyliperda,"Causton, 2006",NA,NA,NA,NA,NA,NA
Coccotrypes rhizophorae (Hopkins),1985,Coccotrypes rhizophorae,"Causton, 2006",NA,NA,NA,NA,NA,NA
Hypothenemus brunneus (Hopkins),1964,Hypothenemus brunneus,"Causton, 2006",NA,NA,NA,NA,NA,NA
Hypothenemus californicus Hopkins,1988,Hypothenemus californicus,"Causton, 2006",NA,NA,NA,NA,NA,NA
Pagiocerus frontalis (F.),1964,Pagiocerus frontalis,"Causton, 2006",NA,NA,NA,NA,NA,NA
Xyleborinus gracilis (Eichoff),1934,Xyleborinus gracilis,"Causton, 2006",NA,NA,NA,NA,NA,NA
Xyleborinus saxeseni (Ratzeburg),1996,Xyleborinus saxeseni,"Causton, 2006",NA,NA,NA,NA,NA,NA
Xyloborus spinulosus (Blandford),1964,Xyloborus spinulosus,"Causton, 2006",NA,NA,NA,NA,NA,NA
Xylosandrus morigerus (Blandford),1991,Xylosandrus morigerus,"Causton, 2006",NA,NA,NA,NA,NA,NA
Ahasverus excisus (Reitter),1991,Ahasverus excisus,"Causton, 2006",NA,NA,NA,NA,NA,NA
Cathartus quadricollis,1989,Cathartus quadricollis,"Causton, 2006",NA,NA,NA,NA,NA,NA
Monanus concinnulus Walker,1985,Monanus concinnulus,"Causton, 2006",NA,NA,NA,NA,NA,NA
Oryzaephilus surinamensis L.,1985,Oryzaephilus surinamensis,"Causton, 2006",NA,NA,NA,NA,NA,NA
Silvanus difficilis Halstead,1991,Silvanus difficilis,"Causton, 2006",NA,NA,NA,NA,NA,NA
Anotylus sp1,1989,Anotylus sp1,"Causton, 2006",NA,NA,NA,NA,NA,NA
Clavilispinus exiguus Erichson,1985,Clavilispinus exiguus,"Causton, 2006",NA,NA,NA,NA,NA,NA
Dalotia coriaria (Kraatz),1985,Dalotia coriaria,"Causton, 2006",NA,NA,NA,NA,NA,NA
Lathrobium sp1,1991,Lathrobium sp1,"Causton, 2006",NA,NA,NA,NA,NA,NA
Myrmecocephalus concinnus (Erichson),1989,Myrmecocephalus concinnus,"Causton, 2006",NA,NA,NA,NA,NA,NA
Oligota chrysopyga Kraatz,1985,Oligota chrysopyga,"Causton, 2006",NA,NA,NA,NA,NA,NA
Oligotergus fasciatus (Nordman),1996,Oligotergus fasciatus,"Causton, 2006",NA,NA,NA,NA,NA,NA
Oxytelus incisus Motschulsky,1989,Oxytelus incisus,"Causton, 2006",NA,NA,NA,NA,NA,NA
Phanerota tridentata Klim. & Peck,1985,Phanerota tridentata,"Causton, 2006",NA,NA,NA,NA,NA,NA
Philonthus discoideus (Gravenhorst),1991,Philonthus discoideus,"Causton, 2006",NA,NA,NA,NA,NA,NA
Philonthus pauxillus Solsky,1989,Philonthus pauxillus,"Causton, 2006",NA,NA,NA,NA,NA,NA
Philonthus ventralis (Gravenhorst),1992,Philonthus ventralis,"Causton, 2006",NA,NA,NA,NA,NA,NA
Piestus minutus Erichson1,1989,Piestus minutus,"Causton, 2006",NA,NA,NA,NA,NA,NA
Piestus pygmaeus Laporte,1985,Piestus pygmaeus,"Causton, 2006",NA,NA,NA,NA,NA,NA
Piestus sulcatus Gravenhorst1,1964,Piestus sulcatus,"Causton, 2006",NA,NA,NA,NA,NA,NA
Platystethus spiculus Erichson1,1989,Platystethus spiculus,"Causton, 2006",NA,NA,NA,NA,NA,NA
Sunius debilicornis (Wollaston),1989,Sunius debilicornis,"Causton, 2006",NA,NA,NA,NA,NA,NA
Alphitobius laevigatus (F.),1904,Alphitobius laevigatus,"Causton, 2006",NA,NA,NA,NA,NA,NA
Gnathocerus cornutus (F.),1899,Gnathocerus cornutus,"Causton, 2006",NA,NA,NA,NA,NA,NA
Gnathocerus maxillosus (F.),1964,Gnathocerus maxillosus,"Causton, 2006",NA,NA,NA,NA,NA,NA
Paratenetus sp1,2002,Paratenetus sp1,"Causton, 2006",NA,NA,NA,NA,NA,NA
Sitophagus hololeptoides (Laporte),1975,Sitophagus hololeptoides,"Causton, 2006",NA,NA,NA,NA,NA,NA
Tribolium castaneum Herbst,1964,Tribolium castaneum,"Causton, 2006",NA,NA,NA,NA,NA,NA
Ceratophysella denticulata (Bagnall),1974,Ceratophysella denticulata,"Causton, 2006",NA,NA,NA,NA,NA,NA
Rhodanella minos (Denis),1974,Rhodanella minos,"Causton, 2006",NA,NA,NA,NA,NA,NA
Arlesia albipes (Folsom),1974,Arlesia albipes,"Causton, 2006",NA,NA,NA,NA,NA,NA
Euborellia annulipes (Lucas),1901,Euborellia annulipes,"Causton, 2006",NA,NA,NA,NA,NA,NA
Circolabia arcuata (Scudder),1964,Circolabia arcuata,"Causton, 2006",NA,NA,NA,NA,NA,NA
Labia annulata (F.),1991,Labia annulata,"Causton, 2006",NA,NA,NA,NA,NA,NA
Labia curvicauda (Motschulsky),1991,Labia curvicauda,"Causton, 2006",NA,NA,NA,NA,NA,NA
Parajapyx isabellae (Grassi),1964,Parajapyx isabellae,"Causton, 2006",NA,NA,NA,NA,NA,NA
Calycomyza lantanae Frick7,1964,Calycomyza lantanae,"Causton, 2006",NA,NA,NA,NA,NA,NA
Chrysomya albiceps (Wiedemann),1985,Chrysomya albiceps,"Causton, 2006",NA,NA,NA,NA,NA,NA
Chrysomya megacephala (F.),1989,Chrysomya megacephala,"Causton, 2006",NA,NA,NA,NA,NA,NA
Cochliomyia macellaria (F.),1835,Cochliomyia macellaria,"Causton, 2006",NA,NA,NA,NA,NA,NA
Culicoides pusillus Lutz,1964,Culicoides pusillus,"Causton, 2006",NA,NA,NA,NA,NA,NA
Forcipomyia genualis (Loew),1964,Forcipomyia genualis,"Causton, 2006",NA,NA,NA,NA,NA,NA
Cadrema pallida (Loew)8,1932,Cadrema pallida,"Causton, 2006",NA,NA,NA,NA,NA,NA
Monochaetoscinella anonyma (Williston),1989,Monochaetoscinella anonyma,"Causton, 2006",NA,NA,NA,NA,NA,NA
Aedes aegypti (L.),2001,Aedes aegypti,"Causton, 2006",NA,NA,NA,NA,NA,NA
Culex quinquefasciatus Say,1985,Culex quinquefasciatus,"Causton, 2006",NA,NA,NA,NA,NA,NA
Drosophila hydei Sturtevant,1977,Drosophila hydei,"Causton, 2006",NA,NA,NA,NA,NA,NA
Drosophila immigrans Sturtevant,1925,Drosophila immigrans,"Causton, 2006",NA,NA,NA,NA,NA,NA
Drosophila repleta Wollaston,1977,Drosophila repleta,"Causton, 2006",NA,NA,NA,NA,NA,NA
Drosophila latifasciaeformis Duda,1977,Drosophila latifasciaeformis,"Causton, 2006",NA,NA,NA,NA,NA,NA
Drosophila ananassae Doleschalle,1977,Drosophila ananassae,"Causton, 2006",NA,NA,NA,NA,NA,NA
Drosophila melanogaster Meigen,1977,Drosophila melanogaster,"Causton, 2006",NA,NA,NA,NA,NA,NA
Drosophila simulans Sturtevant,1948,Drosophila simulans,"Causton, 2006",NA,NA,NA,NA,NA,NA
Gitona braziliensis Lima,1948,Gitona braziliensis,"Causton, 2006",NA,NA,NA,NA,NA,NA
Athyroglossa tectora Cresson,2001,Athyroglossa tectora,"Causton, 2006",NA,NA,NA,NA,NA,NA
Clasiopella uncinata Hendel,1989,Clasiopella uncinata,"Causton, 2006",NA,NA,NA,NA,NA,NA
Hecamede brasiliensis Cresson,1989,Hecamede brasiliensis,"Causton, 2006",NA,NA,NA,NA,NA,NA
Fannia pusio (Wiedemann),1932,Fannia pusio,"Causton, 2006",NA,NA,NA,NA,NA,NA
Lonchaea sp7,2001,Lonchaea sp7,"Causton, 2006",NA,NA,NA,NA,NA,NA
Desmometopa tarsalis Loew,1964,Desmometopa tarsalis,"Causton, 2006",NA,NA,NA,NA,NA,NA
Desmometopa varipalpis Malloch,1932,Desmometopa varipalpis,"Causton, 2006",NA,NA,NA,NA,NA,NA
Atherigona orientalis Schiner,1899,Atherigona orientalis,"Causton, 2006",NA,NA,NA,NA,NA,NA
Brontaea debilis (Williston),1989,Brontaea debilis,"Causton, 2006",NA,NA,NA,NA,NA,NA
Cyrtoneuropsis rescita (Walker),1996,Cyrtoneuropsis rescita,"Causton, 2006",NA,NA,NA,NA,NA,NA
Hydrotaea aenescens (Wiedemann),1835,Hydrotaea aenescens,"Causton, 2006",NA,NA,NA,NA,NA,NA
Musca domestica L.,1925,Musca domestica,"Causton, 2006",NA,NA,NA,NA,NA,NA
Philornis downsi Dodge & Aitken,1964,Philornis downsi,"Causton, 2006",NA,NA,NA,NA,NA,NA
Stomoxys calcitrans (L.),1925,Stomoxys calcitrans,"Causton, 2006",NA,NA,NA,NA,NA,NA
Synthesiomyia nudiseta (Wulp),1899,Synthesiomyia nudiseta,"Causton, 2006",NA,NA,NA,NA,NA,NA
Pieza sinclairi Evenhuis,1985,Pieza sinclairi,"Causton, 2006",NA,NA,NA,NA,NA,NA
Nerius sp7,2003,Nerius sp7,"Causton, 2006",NA,NA,NA,NA,NA,NA
Chonocephalus heymonsi Strobbe,1985,Chonocephalus heymonsi,"Causton, 2006",NA,NA,NA,NA,NA,NA
Dohrnophora cornuta Bigot,1925,Dohrnophora cornuta,"Causton, 2006",NA,NA,NA,NA,NA,NA
Megascelia scalaris (Loew),1923,Megascelia scalaris,"Causton, 2006",NA,NA,NA,NA,NA,NA
Puliciphora borinquenensis Wheeler,1985,Puliciphora borinquenensis,"Causton, 2006",NA,NA,NA,NA,NA,NA
Piophila casei (L.),1835,Piophila casei,"Causton, 2006",NA,NA,NA,NA,NA,NA
Clogmia albipunctata (Williston),1985,Clogmia albipunctata,"Causton, 2006",NA,NA,NA,NA,NA,NA
Psychoda alabangensis del Rosario,1985,Psychoda alabangensis,"Causton, 2006",NA,NA,NA,NA,NA,NA
Psychoda savaiiensis Edwards,1985,Psychoda savaiiensis,"Causton, 2006",NA,NA,NA,NA,NA,NA
Blaesoxipha plinthopyga (Wiedemann),1905,Blaesoxipha plinthopyga,"Causton, 2006",NA,NA,NA,NA,NA,NA
Oxysarcodexia bakeri (Aldrich),1989,Oxysarcodexia bakeri,"Causton, 2006",NA,NA,NA,NA,NA,NA
Oxysarcodexia taitensis (Schiner),1899,Oxysarcodexia taitensis,"Causton, 2006",NA,NA,NA,NA,NA,NA
Peckia chrysostoma (Wiedemann),1935,Peckia chrysostoma,"Causton, 2006",NA,NA,NA,NA,NA,NA
Sarcodexia lambens (Wiedemann),1978,Sarcodexia lambens,"Causton, 2006",NA,NA,NA,NA,NA,NA
Tricharaea canuta (Wulp)1,1925,Tricharaea canuta,"Causton, 2006",NA,NA,NA,NA,NA,NA
Holoplagia guamensis (Johannsen),1985,Holoplagia guamensis,"Causton, 2006",NA,NA,NA,NA,NA,NA
Bradysia ocellaris Comstock,1992,Bradysia ocellaris,"Causton, 2006",NA,NA,NA,NA,NA,NA
Bradysia radicum Brunetti,1992,Bradysia radicum,"Causton, 2006",NA,NA,NA,NA,NA,NA
Epidapus perniciosus Edwards,NA,Epidapus perniciosus,"Causton, 2006",NA,NA,NA,NA,NA,NA
Eugnoriste planiforceps Steffan,1992,Eugnoriste planiforceps,"Causton, 2006",NA,NA,NA,NA,NA,NA
Palaeosepsis armillata (Melander & Spuler),1992,Palaeosepsis armillata,"Causton, 2006",NA,NA,NA,NA,NA,NA
Simulium bipunctatum Malloch,1989,Simulium bipunctatum,"Causton, 2006",NA,NA,NA,NA,NA,NA
Coprioca hirtula (Rondani),1964,Coprioca hirtula,"Causton, 2006",NA,NA,NA,NA,NA,NA
Spelobia bifrons (Stenhammer),1989,Spelobia bifrons,"Causton, 2006",NA,NA,NA,NA,NA,NA
Trachyopella atomus (Rondani),1989,Trachyopella atomus,"Causton, 2006",NA,NA,NA,NA,NA,NA
Hermetia illucens (L.),1998,Hermetia illucens,"Causton, 2006",NA,NA,NA,NA,NA,NA
Ornidia obesa (F.),1989,Ornidia obesa,"Causton, 2006",NA,NA,NA,NA,NA,NA
Anastrepha fraterculus (Wiedemann),1979,Anastrepha fraterculus,"Causton, 2006",NA,NA,NA,NA,NA,NA
Acrosticta apicalis (Williston),1925,Acrosticta apicalis,"Causton, 2006",NA,NA,NA,NA,NA,NA
Euxesta eluta Loew,2001,Euxesta eluta,"Causton, 2006",NA,NA,NA,NA,NA,NA
Euxesta stigmatias Loew,1989,Euxesta stigmatias,"Causton, 2006",NA,NA,NA,NA,NA,NA
Notogramma cimiciforme Loew,1989,Notogramma cimiciforme,"Causton, 2006",NA,NA,NA,NA,NA,NA
Oligotoma saundersii (Westwood),1991,Oligotoma saundersii,"Causton, 2006",NA,NA,NA,NA,NA,NA
Agallia pecki Freytag,1989,Agallia pecki,"Causton, 2006",NA,NA,NA,NA,NA,NA
Agallia sp1,2001,Agallia sp1,"Causton, 2006",NA,NA,NA,NA,NA,NA
Balclutha aridula Linnavuori,1989,Balclutha aridula,"Causton, 2006",NA,NA,NA,NA,NA,NA
Balclutha incisa (Matsumura),1990,Balclutha incisa,"Causton, 2006",NA,NA,NA,NA,NA,NA
Balclutha lucida (Butler),1989,Balclutha lucida,"Causton, 2006",NA,NA,NA,NA,NA,NA
Balclutha neglecta (DeLong & Davidson),1989,Balclutha neglecta,"Causton, 2006",NA,NA,NA,NA,NA,NA
Balclutha rosea (Scott),2001,Balclutha rosea,"Causton, 2006",NA,NA,NA,NA,NA,NA
Cicadulina tortilla Caldwell,1990,Cicadulina tortilla,"Causton, 2006",NA,NA,NA,NA,NA,NA
Circulifer tenellus (Baker),1989,Circulifer tenellus,"Causton, 2006",NA,NA,NA,NA,NA,NA
Coelidiana krameri Freytag,1990,Coelidiana krameri,"Causton, 2006",NA,NA,NA,NA,NA,NA
Empoasca canavalia DeLong,1989,Empoasca canavalia,"Causton, 2006",NA,NA,NA,NA,NA,NA
Exitanius fasciolatus (Melichar),1932,Exitanius fasciolatus,"Causton, 2006",NA,NA,NA,NA,NA,NA
Jikradia galapagoensis (Osborn),2001,Jikradia galapagoensis,"Causton, 2006",NA,NA,NA,NA,NA,NA
Macrosteles fascifrons (Stål.),1989,Macrosteles fascifrons,"Causton, 2006",NA,NA,NA,NA,NA,NA
Protolebrella brasiliensis,2001,Protolebrella brasiliensis,"Causton, 2006",NA,NA,NA,NA,NA,NA
Xestocephalus desertorum (Berg),1989,Xestocephalus desertorum,"Causton, 2006",NA,NA,NA,NA,NA,NA
Peregrinus maidis (Ashmead),1964,Peregrinus maidis,"Causton, 2006",NA,NA,NA,NA,NA,NA
Sogatella kolophon Kirkaldy,1964,Sogatella kolophon,"Causton, 2006",NA,NA,NA,NA,NA,NA
Syndelphax dissipatus Muir,1964,Syndelphax dissipatus,"Causton, 2006",NA,NA,NA,NA,NA,NA
Toya propinqua Fieber,2003,Toya propinqua,"Causton, 2006",NA,NA,NA,NA,NA,NA
Neomegalotomus parvus (Westwood),2001,Neomegalotomus parvus,"Causton, 2006",NA,NA,NA,NA,NA,NA
Alofa sodalis (White),1964,Alofa sodalis,"Causton, 2006",NA,NA,NA,NA,NA,NA
Amphiareus constricta (Stål.),1964,Amphiareus constricta,"Causton, 2006",NA,NA,NA,NA,NA,NA
"Xylocoris sp., pirate bug6",1969,"Xylocoris sp.,","Causton, 2006",NA,NA,NA,NA,NA,NA
Cimex lectularis L.,1925,Cimex lectularis,"Causton, 2006",NA,NA,NA,NA,NA,NA
Anasa scorbutica (F.),1969,Anasa scorbutica,"Causton, 2006",NA,NA,NA,NA,NA,NA
Vazuezitocoris andinus Brailovsky,1996,Vazuezitocoris andinus,"Causton, 2006",NA,NA,NA,NA,NA,NA
Prytanes confusus (Barber),1989,Prytanes confusus,"Causton, 2006",NA,NA,NA,NA,NA,NA
Engytatus modestus (Distant),1991,Engytatus modestus,"Causton, 2006",NA,NA,NA,NA,NA,NA
Halticus bractatus (Say),2001,Halticus bractatus,"Causton, 2006",NA,NA,NA,NA,NA,NA
Horcias lacteiclavus Distant,1964,Horcias lacteiclavus,"Causton, 2006",NA,NA,NA,NA,NA,NA
Sthenaridea vulgaris (Distant),1992,Sthenaridea vulgaris,"Causton, 2006",NA,NA,NA,NA,NA,NA
Taylorilygus apicalis (Fieber),1964,Taylorilygus apicalis,"Causton, 2006",NA,NA,NA,NA,NA,NA
Tytthus parviceps (Reuter),1970,Tytthus parviceps,"Causton, 2006",NA,NA,NA,NA,NA,NA
Alcaeorrhynchus grandis (Dallas),1934,Alcaeorrhynchus grandis,"Causton, 2006",NA,NA,NA,NA,NA,NA
Loxa viridis (Palisot de Beauvois),1991,Loxa viridis,"Causton, 2006",NA,NA,NA,NA,NA,NA
Mecidea minor Ruckes,1991,Mecidea minor,"Causton, 2006",NA,NA,NA,NA,NA,NA
Nezara viridula L.,1901,Nezara viridula,"Causton, 2006",NA,NA,NA,NA,NA,NA
Piezodorus guildinii (Westwood),2001,Piezodorus guildinii,"Causton, 2006",NA,NA,NA,NA,NA,NA
Podisus distinctus (Stål),1991,Podisus distinctus,"Causton, 2006",NA,NA,NA,NA,NA,NA
Dysdercus concinnus Stål.,1925,Dysdercus concinnus,"Causton, 2006",NA,NA,NA,NA,NA,NA
Dysdercus lunulatus,1964,Dysdercus lunulatus,"Causton, 2006",NA,NA,NA,NA,NA,NA
Barce fraterna (Say),1996,Barce fraterna,"Causton, 2006",NA,NA,NA,NA,NA,NA
Heza ephippium (Lichtenstein),2001,Heza ephippium,"Causton, 2006",NA,NA,NA,NA,NA,NA
Rasahus hamatus (F.),1989,Rasahus hamatus,"Causton, 2006",NA,NA,NA,NA,NA,NA
Tagalis seminigra Champion,1995,Tagalis seminigra,"Causton, 2006",NA,NA,NA,NA,NA,NA
Niesthrea sidae (Fabricius),1991,Niesthrea sidae,"Causton, 2006",NA,NA,NA,NA,NA,NA
Dicranocephalus bianchii (Jakovlev),1835,Dicranocephalus bianchii,"Causton, 2006",NA,NA,NA,NA,NA,NA
Leptobyrsa decora Drake,2001,Leptobyrsa decora,"Causton, 2006",NA,NA,NA,NA,NA,NA
Aleurothrixus floccosus (Maskell),1998,Aleurothrixus floccosus,"Causton, 2006",NA,NA,NA,NA,NA,NA
Aleurotrachelus trachoides (Back),2001,Aleurotrachelus trachoides,"Causton, 2006",NA,NA,NA,NA,NA,NA
Bemisia sp,1998,Bemisia sp,"Causton, 2006",NA,NA,NA,NA,NA,NA
Dialeurodes citrifolii (Morgan),2000,Dialeurodes citrifolii,"Causton, 2006",NA,NA,NA,NA,NA,NA
Acyrthosiphon bidenticola Smith,1991,Acyrthosiphon bidenticola,"Causton, 2006",NA,NA,NA,NA,NA,NA
Aphis coreopsidis (Thomas),1991,Aphis coreopsidis,"Causton, 2006",NA,NA,NA,NA,NA,NA
Aphis craccivora Koch,1991,Aphis craccivora,"Causton, 2006",NA,NA,NA,NA,NA,NA
Aphis gossypii Glover,1991,Aphis gossypii,"Causton, 2006",NA,NA,NA,NA,NA,NA
Aphis nerii Boyer de Fonscolombe,1991,Aphis nerii,"Causton, 2006",NA,NA,NA,NA,NA,NA
Aphis spiraecola Patch,1991,Aphis spiraecola,"Causton, 2006",NA,NA,NA,NA,NA,NA
Aulacorthum circumfleuxum (Buckton),1992,Aulacorthum circumfleuxum,"Causton, 2006",NA,NA,NA,NA,NA,NA
Aulacorthum solani (Kaltenbach),1991,Aulacorthum solani,"Causton, 2006",NA,NA,NA,NA,NA,NA
Brevicoryne brassicae L.,2002,Brevicoryne brassicae,"Causton, 2006",NA,NA,NA,NA,NA,NA
Hysteroneura setariae (Thomas),1991,Hysteroneura setariae,"Causton, 2006",NA,NA,NA,NA,NA,NA
Myzus persicae (Sulzer),1991,Myzus persicae,"Causton, 2006",NA,NA,NA,NA,NA,NA
Pentalonia nigronervosa Coquerel,1991,Pentalonia nigronervosa,"Causton, 2006",NA,NA,NA,NA,NA,NA
Rhopalosiphum maidis (Fitch),1991,Rhopalosiphum maidis,"Causton, 2006",NA,NA,NA,NA,NA,NA
Rhopalosiphum rufiabdominale (Sasaki),1991,Rhopalosiphum rufiabdominale,"Causton, 2006",NA,NA,NA,NA,NA,NA
Toxoptera citricida (Kirkaldy),2002,Toxoptera citricida,"Causton, 2006",NA,NA,NA,NA,NA,NA
Asterolecanium pustulans (Cockerell),1902,Asterolecanium pustulans,"Causton, 2006",NA,NA,NA,NA,NA,NA
Asterolecanium puteanum Russell,1973,Asterolecanium puteanum,"Causton, 2006",NA,NA,NA,NA,NA,NA
Ceroplastes ?rusci (L),2001,Ceroplastes rusci,"Causton, 2006",NA,NA,NA,NA,NA,NA
Ceroplastes cirripediformis Comstock,1975,Ceroplastes cirripediformis,"Causton, 2006",NA,NA,NA,NA,NA,NA
Ceroplastes floridensis Comstock,2001,Ceroplastes floridensis,"Causton, 2006",NA,NA,NA,NA,NA,NA
Ceroplastes sinensis Del Guercio,2001,Ceroplastes sinensis,"Causton, 2006",NA,NA,NA,NA,NA,NA
Coccus hesperidum L.,1902,Coccus hesperidum,"Causton, 2006",NA,NA,NA,NA,NA,NA
"Coccus viridis (Green), green scale",1964,Coccus viridis,"Causton, 2006",NA,NA,NA,NA,NA,NA
Parasaissetia nigra (Nietner),1964,Parasaissetia nigra,"Causton, 2006",NA,NA,NA,NA,NA,NA
Pulvinaria psidii Maskell,2001,Pulvinaria psidii,"Causton, 2006",NA,NA,NA,NA,NA,NA
Pulvinaria urbicola Cockerell,1964,Pulvinaria urbicola,"Causton, 2006",NA,NA,NA,NA,NA,NA
Saissetia coffeae (Walker),1902,Saissetia coffeae,"Causton, 2006",NA,NA,NA,NA,NA,NA
Saissetia miranda (Cockerell & Parrott),1974,Saissetia miranda,"Causton, 2006",NA,NA,NA,NA,NA,NA
Saissetia neglecta De Lotto,1973,Saissetia neglecta,"Causton, 2006",NA,NA,NA,NA,NA,NA
Conchaspis angraeci Cockerell,2002,Conchaspis angraeci,"Causton, 2006",NA,NA,NA,NA,NA,NA
Aonidiella aurantii (Maskell),1998,Aonidiella aurantii,"Causton, 2006",NA,NA,NA,NA,NA,NA
Aonidiella orientalis (Newstead),2001,Aonidiella orientalis,"Causton, 2006",NA,NA,NA,NA,NA,NA
Aspidiotus destructor Signoret,1964,Aspidiotus destructor,"Causton, 2006",NA,NA,NA,NA,NA,NA
Aspidiotus excisus Green,2001,Aspidiotus excisus,"Causton, 2006",NA,NA,NA,NA,NA,NA
Aspidiotus pacificus Williams & Watson,2001,Aspidiotus pacificus,"Causton, 2006",NA,NA,NA,NA,NA,NA
Hemiberlesia lataniae (Signoret),1902,Hemiberlesia lataniae,"Causton, 2006",NA,NA,NA,NA,NA,NA
Howardia biclavis (Comstock),1975,Howardia biclavis,"Causton, 2006",NA,NA,NA,NA,NA,NA
Ischnaspis longirostris (Signoret),2001,Ischnaspis longirostris,"Causton, 2006",NA,NA,NA,NA,NA,NA
Lepidosaphes beckii (Newman),1964,Lepidosaphes beckii,"Causton, 2006",NA,NA,NA,NA,NA,NA
Melanaspis odontoglossi (Cockerell),1902,Melanaspis odontoglossi,"Causton, 2006",NA,NA,NA,NA,NA,NA
Parlatoria crotonis Douglas,1975,Parlatoria crotonis,"Causton, 2006",NA,NA,NA,NA,NA,NA
Pinnaspis strachani Cooley,1923,Pinnaspis strachani,"Causton, 2006",NA,NA,NA,NA,NA,NA
Rutherfordia major (Cockerell),1975,Rutherfordia major,"Causton, 2006",NA,NA,NA,NA,NA,NA
Selenaspidus articulatus (Morgan),1973,Selenaspidus articulatus,"Causton, 2006",NA,NA,NA,NA,NA,NA
Unaspis citri (Comstock),2001,Unaspis citri,"Causton, 2006",NA,NA,NA,NA,NA,NA
Unaspis sp1,2001,Unaspis sp1,"Causton, 2006",NA,NA,NA,NA,NA,NA
Icerya purchasi Maskell,1982,Icerya purchasi,"Causton, 2006",NA,NA,NA,NA,NA,NA
Orthezia insignis Bourne,1974,Orthezia insignis,"Causton, 2006",NA,NA,NA,NA,NA,NA
Orthezia praelonga Douglas,1964,Orthezia praelonga,"Causton, 2006",NA,NA,NA,NA,NA,NA
Dysmicoccus boninsis (Kuwana),2001,Dysmicoccus boninsis,"Causton, 2006",NA,NA,NA,NA,NA,NA
Dysmicoccus brevipes (Cockerell),2001,Dysmicoccus brevipes,"Causton, 2006",NA,NA,NA,NA,NA,NA
Ferrisia virgata (Cockerell),1964,Ferrisia virgata,"Causton, 2006",NA,NA,NA,NA,NA,NA
Geococcus coffeae Green,1964,Geococcus coffeae,"Causton, 2006",NA,NA,NA,NA,NA,NA
Paracoccus solani Ezzat and McConnell,1998,Paracoccus solani,"Causton, 2006",NA,NA,NA,NA,NA,NA
Phenacoccus herreni Cox & Williams,2001,Phenacoccus herreni,"Causton, 2006",NA,NA,NA,NA,NA,NA
Phenacoccus parvus Morrison,1923,Phenacoccus parvus,"Causton, 2006",NA,NA,NA,NA,NA,NA
Phenacoccus solenopsis Tinsley,2001,Phenacoccus solenopsis,"Causton, 2006",NA,NA,NA,NA,NA,NA
Planococcus citri (Risso),1964,Planococcus citri,"Causton, 2006",NA,NA,NA,NA,NA,NA
Planococcus minor (Maskell),2000,Planococcus minor,"Causton, 2006",NA,NA,NA,NA,NA,NA
Cerataphis sp1,1991,Cerataphis sp1,"Causton, 2006",NA,NA,NA,NA,NA,NA
Heteropsylla cubana Crawford,1999,Heteropsylla cubana,"Causton, 2006",NA,NA,NA,NA,NA,NA
Paracarsidara dugesii (Loew),1999,Paracarsidara dugesii,"Causton, 2006",NA,NA,NA,NA,NA,NA
Pseudophacopteron sp1,2000,Pseudophacopteron sp1,"Causton, 2006",NA,NA,NA,NA,NA,NA
Pseudophacopteron sp2,2000,Pseudophacopteron sp2,"Causton, 2006",NA,NA,NA,NA,NA,NA
Aphytis acutaspidis Rosen and DeBach,1991,Aphytis acutaspidis,"Causton, 2006",NA,NA,NA,NA,NA,NA
Archenomus imitatrix (Fullaway),1991,Archenomus imitatrix,"Causton, 2006",NA,NA,NA,NA,NA,NA
Centrodora mireyae (DeSantis),1991,Centrodora mireyae,"Causton, 2006",NA,NA,NA,NA,NA,NA
Centrodora perkinsi (Waterston),1991,Centrodora perkinsi,"Causton, 2006",NA,NA,NA,NA,NA,NA
Coccophagus rusti Compere,1991,Coccophagus rusti,"Causton, 2006",NA,NA,NA,NA,NA,NA
Encarsia citrina Crawford,1991,Encarsia citrina,"Causton, 2006",NA,NA,NA,NA,NA,NA
Encarsia diaspidicola (Silvestri),1991,Encarsia diaspidicola,"Causton, 2006",NA,NA,NA,NA,NA,NA
Encarsia pergandiella Howard,1991,Encarsia pergandiella,"Causton, 2006",NA,NA,NA,NA,NA,NA
Brachymeria podagrica F.,1991,Brachymeria podagrica,"Causton, 2006",NA,NA,NA,NA,NA,NA
Conura femorata F.,1991,Conura femorata,"Causton, 2006",NA,NA,NA,NA,NA,NA
Anagyrus trinidadensis (Kerrich),1991,Anagyrus trinidadensis,"Causton, 2006",NA,NA,NA,NA,NA,NA
Cheiloneurus elegans elegantissimus DeSantis,1991,Cheiloneurus elegans,"Causton, 2006",NA,NA,NA,NA,NA,NA
Orasema costaricensis W. and W.,1991,Orasema costaricensis,"Causton, 2006",NA,NA,NA,NA,NA,NA
Evania appendigaster L.,1989,Evania appendigaster,"Causton, 2006",NA,NA,NA,NA,NA,NA
Brachymyrmex sp1,2001,Brachymyrmex sp1,"Causton, 2006",NA,NA,NA,NA,NA,NA
Cardiocondyla emeryi Forel,1981,Cardiocondyla emeryi,"Causton, 2006",NA,NA,NA,NA,NA,NA
Cardiocondyla nuda (Mayr),1981,Cardiocondyla nuda,"Causton, 2006",NA,NA,NA,NA,NA,NA
Cylindromyrmex striatus Mayr,1905,Cylindromyrmex striatus,"Causton, 2006",NA,NA,NA,NA,NA,NA
Monomorium destructor (Jerdon),1997,Monomorium destructor,"Causton, 2006",NA,NA,NA,NA,NA,NA
Monomorium floricola Jerdon,1924,Monomorium floricola,"Causton, 2006",NA,NA,NA,NA,NA,NA
Monomorium pharaonis L.,1905,Monomorium pharaonis,"Causton, 2006",NA,NA,NA,NA,NA,NA
Odontomachus baurii Emery,1891,Odontomachus baurii,"Causton, 2006",NA,NA,NA,NA,NA,NA
Paratrechina guatemalensis itinerans (Forel),1899,Paratrechina guatemalensis,"Causton, 2006",NA,NA,NA,NA,NA,NA
Paratrechina longicornis (Latreille),1905,Paratrechina longicornis,"Causton, 2006",NA,NA,NA,NA,NA,NA
Paratrechina vaga (Forel),1976,Paratrechina vaga,"Causton, 2006",NA,NA,NA,NA,NA,NA
Solenopsis geminata (F.),1891,Solenopsis geminata,"Causton, 2006",NA,NA,NA,NA,NA,NA
Solenopsis globularia  (F. Smith),1906,Solenopsis globularia,"Causton, 2006",NA,NA,NA,NA,NA,NA
Solenopsis saevissima (F. Smith),1905,Solenopsis saevissima,"Causton, 2006",NA,NA,NA,NA,NA,NA
Strumigenys emmae (Emery),1997,Strumigenys emmae,"Causton, 2006",NA,NA,NA,NA,NA,NA
Strumigenys louisianae Roger,1981,Strumigenys louisianae,"Causton, 2006",NA,NA,NA,NA,NA,NA
Tapinoma melanocephalum F.,1891,Tapinoma melanocephalum,"Causton, 2006",NA,NA,NA,NA,NA,NA
Tetramorium bicarinatum (Nylander),1891,Tetramorium bicarinatum,"Causton, 2006",NA,NA,NA,NA,NA,NA
Tetramorium caldarium (Roger),1997,Tetramorium caldarium,"Causton, 2006",NA,NA,NA,NA,NA,NA
Tetramorium lanuginosum Mayr,1997,Tetramorium lanuginosum,"Causton, 2006",NA,NA,NA,NA,NA,NA
Tetramorium simillimum F. Smith,1905,Tetramorium simillimum,"Causton, 2006",NA,NA,NA,NA,NA,NA
Wasmannia auropunctata Roger,1967,Wasmannia auropunctata,"Causton, 2006",NA,NA,NA,NA,NA,NA
Diplazon laetatorius F.,1985,Diplazon laetatorius,"Causton, 2006",NA,NA,NA,NA,NA,NA
Venturia canescens Gravenhorst,1985,Venturia canescens,"Causton, 2006",NA,NA,NA,NA,NA,NA
Anthidium sp1,2002,Anthidium sp1,"Causton, 2006",NA,NA,NA,NA,NA,NA
Spalangia cameroni Perkins,1991,Spalangia cameroni,"Causton, 2006",NA,NA,NA,NA,NA,NA
Spalangia drosophilae (Ashmead),1991,Spalangia drosophilae,"Causton, 2006",NA,NA,NA,NA,NA,NA
Spalangia endius Walker,1839,Spalangia endius,"Causton, 2006",NA,NA,NA,NA,NA,NA
Macrotelia absona,1991,Macrotelia absona,"Causton, 2006",NA,NA,NA,NA,NA,NA
Trissolcus teretis Johnson,1991,Trissolcus teretis,"Causton, 2006",NA,NA,NA,NA,NA,NA
Brachygastra lecheguana (Latreille),1994,Brachygastra lecheguana,"Causton, 2006",NA,NA,NA,NA,NA,NA
Polistes v. versicolor (Olivier),1988,Polistes versicolor,"Causton, 2006",NA,NA,NA,NA,NA,NA
Pyroderces rileyi (Walsingham),2000,Pyroderces rileyi,"Causton, 2006",NA,NA,NA,NA,NA,NA
Stenoma catenifer (Wals.),2001,Stenoma catenifer,"Causton, 2006",NA,NA,NA,NA,NA,NA
Sitotroga cerealella (Olivier),2001,Sitotroga cerealella,"Causton, 2006",NA,NA,NA,NA,NA,NA
Tuta absoluta (Meyrick),2002,Tuta absoluta,"Causton, 2006",NA,NA,NA,NA,NA,NA
Disclisioprocta stellata (Guene´e),1923,Disclisioprocta stellata,"Causton, 2006",NA,NA,NA,NA,NA,NA
Sphacelodes vulneraria (Hu¨ bner),1964,Sphacelodes vulneraria,"Causton, 2006",NA,NA,NA,NA,NA,NA
Triphosa affirmata (Guene´e),1969,Triphosa affirmata,"Causton, 2006",NA,NA,NA,NA,NA,NA
Zeuctostyla vidrierata Dognin,1990,Zeuctostyla vidrierata,"Causton, 2006",NA,NA,NA,NA,NA,NA
Phyllocnistis citrella Stainton7,2005,Phyllocnistis citrella,"Causton, 2006",NA,NA,NA,NA,NA,NA
Calpodes ethlius (Stoll),1987,Calpodes ethlius,"Causton, 2006",NA,NA,NA,NA,NA,NA
Hemiargus ramon (Dognin),1995,Hemiargus ramon,"Causton, 2006",NA,NA,NA,NA,NA,NA
Bagisara repanda (F.),1970,Bagisara repanda,"Causton, 2006",NA,NA,NA,NA,NA,NA
Eublemma recta (Guene´e),1975,Eublemma recta,"Causton, 2006",NA,NA,NA,NA,NA,NA
Heliocheilus cystiphora (Wallengren),1923,Heliocheilus cystiphora,"Causton, 2006",NA,NA,NA,NA,NA,NA
Paectes arcigera (Guene´e),1923,Paectes arcigera,"Causton, 2006",NA,NA,NA,NA,NA,NA
Ponometia exigua (F.),1975,Ponometia exigua,"Causton, 2006",NA,NA,NA,NA,NA,NA
Spragueia margana (F.),1923,Spragueia margana,"Causton, 2006",NA,NA,NA,NA,NA,NA
Plutella xylostella (L.),2004,Plutella xylostella,"Causton, 2006",NA,NA,NA,NA,NA,NA
Exelastis montichristi (Walsingham),1923,Exelastis montichristi,"Causton, 2006",NA,NA,NA,NA,NA,NA
Exelastis pumilio (Zeller),1992,Exelastis pumilio,"Causton, 2006",NA,NA,NA,NA,NA,NA
Lantanophaga pusillidactyla (Walk.),1923,Lantanophaga pusillidactyla,"Causton, 2006",NA,NA,NA,NA,NA,NA
Megalorhipida leucodactyla (F.),1923,Megalorhipida leucodactyla,"Causton, 2006",NA,NA,NA,NA,NA,NA
Stenoptilodes brevipennis (Zeller),1989,Stenoptilodes brevipennis,"Causton, 2006",NA,NA,NA,NA,NA,NA
Agathodes designalis Guene´e,1989,Agathodes designalis,"Causton, 2006",NA,NA,NA,NA,NA,NA
Ancylostomia stercorea (Zeller),1989,Ancylostomia stercorea,"Causton, 2006",NA,NA,NA,NA,NA,NA
Asciodes quietalis (Walk.),1906,Asciodes quietalis,"Causton, 2006",NA,NA,NA,NA,NA,NA
Cadra cautella (Walk.),1975,Cadra cautella,"Causton, 2006",NA,NA,NA,NA,NA,NA
Corcyra cephalonica (Stainton),2002,Corcyra cephalonica,"Causton, 2006",NA,NA,NA,NA,NA,NA
“Diaphania” glauculalis (Guene´e),1968,Diaphania glauculalis,"Causton, 2006",NA,NA,NA,NA,NA,NA
Diaphania hyalinata (L.),1932,Diaphania hyalinata,"Causton, 2006",NA,NA,NA,NA,NA,NA
Diaphania indica (Saunders),1964,Diaphania indica,"Causton, 2006",NA,NA,NA,NA,NA,NA
Diaphania nitidalis (Cram.),1964,Diaphania nitidalis,"Causton, 2006",NA,NA,NA,NA,NA,NA
Diatraea saccharalis (F.),2003,Diatraea saccharalis,"Causton, 2006",NA,NA,NA,NA,NA,NA
Etiella zinckenella (Tr.),1906,Etiella zinckenella,"Causton, 2006",NA,NA,NA,NA,NA,NA
Fundella argentina Dyar,1965,Fundella argentina,"Causton, 2006",NA,NA,NA,NA,NA,NA
Herpetogramma bipunctalis (F.),1992,Herpetogramma bipunctalis,"Causton, 2006",NA,NA,NA,NA,NA,NA
Herpetogramma phaeopteralis (Guene´e),1970,Herpetogramma phaeopteralis,"Causton, 2006",NA,NA,NA,NA,NA,NA
Hymenia perspectalis (Hu¨ bner),1906,Hymenia perspectalis,"Causton, 2006",NA,NA,NA,NA,NA,NA
Hypsipyla grandella (Zeller),1960,Hypsipyla grandella,"Causton, 2006",NA,NA,NA,NA,NA,NA
Lineodes integra (Zeller),1989,Lineodes integra,"Causton, 2006",NA,NA,NA,NA,NA,NA
Marasmia trapezalis (Guene´e),1992,Marasmia trapezalis,"Causton, 2006",NA,NA,NA,NA,NA,NA
Neoleucinodes elegantalis (Guene´e),2002,Neoleucinodes elegantalis,"Causton, 2006",NA,NA,NA,NA,NA,NA
Ocrasa nostralis (Guene´e),2003,Ocrasa nostralis,"Causton, 2006",NA,NA,NA,NA,NA,NA
Omiodes indicata (F.),1989,Omiodes indicata,"Causton, 2006",NA,NA,NA,NA,NA,NA
Penestola bufalis (Guene´e),1906,Penestola bufalis,"Causton, 2006",NA,NA,NA,NA,NA,NA
Pilocrocis ramentalis Lederer,1899,Pilocrocis ramentalis,"Causton, 2006",NA,NA,NA,NA,NA,NA
Pyralis manihotalis Guene´e,1989,Pyralis manihotalis,"Causton, 2006",NA,NA,NA,NA,NA,NA
Pyrausta panopealis (Walker),1989,Pyrausta panopealis,"Causton, 2006",NA,NA,NA,NA,NA,NA
Rhectocraspeda periusalis Walker,1989,Rhectocraspeda periusalis,"Causton, 2006",NA,NA,NA,NA,NA,NA
Samea castellalis Guene´e,1964,Samea castellalis,"Causton, 2006",NA,NA,NA,NA,NA,NA
Sisyracera inabsconsalis (Moschler),1989,Sisyracera inabsconsalis,"Causton, 2006",NA,NA,NA,NA,NA,NA
Spoladea recurvalis (F.),1906,Spoladea recurvalis,"Causton, 2006",NA,NA,NA,NA,NA,NA
Syngamia florella (Cramer),1906,Syngamia florella,"Causton, 2006",NA,NA,NA,NA,NA,NA
Terastia meticulosalis Guene´e,1964,Terastia meticulosalis,"Causton, 2006",NA,NA,NA,NA,NA,NA
Oecia oecophila (Staudinger),2001,Oecia oecophila,"Causton, 2006",NA,NA,NA,NA,NA,NA
Erechtias minuscula (Walsingham),1989,Erechtias minuscula,"Causton, 2006",NA,NA,NA,NA,NA,NA
Praeacedes atomosella Walker,2002,Praeacedes atomosella,"Causton, 2006",NA,NA,NA,NA,NA,NA
Setomorpha rutella Zeller,2001,Setomorpha rutella,"Causton, 2006",NA,NA,NA,NA,NA,NA
Trichophaga mormopis Meyrick,1966,Trichophaga mormopis,"Causton, 2006",NA,NA,NA,NA,NA,NA
Xylesthia pruniramiella Clemens,1966,Xylesthia pruniramiella,"Causton, 2006",NA,NA,NA,NA,NA,NA
Bactra philocherda Diakonoff,1989,Bactra philocherda,"Causton, 2006",NA,NA,NA,NA,NA,NA
Crocidosema plebejana Zeller,1923,Crocidosema plebejana,"Causton, 2006",NA,NA,NA,NA,NA,NA
Episimus transferranus (Walker),1989,Episimus transferranus,"Causton, 2006",NA,NA,NA,NA,NA,NA
Strepsicrates smithiana (Walsingham),1923,Strepsicrates smithiana,"Causton, 2006",NA,NA,NA,NA,NA,NA
Gryllodes sigillatus (Walker),1989,Gryllodes sigillatus,"Causton, 2006",NA,NA,NA,NA,NA,NA
Hygronemobius daphne Otte & Peck,1996,Hygronemobius daphne,"Causton, 2006",NA,NA,NA,NA,NA,NA
Jarmilaxipha ecuadorica Otte & Peck6,1970,Jarmilaxipha ecuadorica,"Causton, 2006",NA,NA,NA,NA,NA,NA
Copiphora brevicauda Karny,1989,Copiphora brevicauda,"Causton, 2006",NA,NA,NA,NA,NA,NA
"Menopon gallinae (L.), shaft louse24",1992,Menopon gallinae,"Causton, 2006",NA,NA,NA,NA,NA,NA
Osborniella crotophagae (Stafford),1988,Osborniella crotophagae,"Causton, 2006",NA,NA,NA,NA,NA,NA
Pediculus humanus capitis De Geer,1992,Pediculus humanus,"Causton, 2006",NA,NA,NA,NA,NA,NA
Goniodes dissimilis Denny,1992,Goniodes dissimilis,"Causton, 2006",NA,NA,NA,NA,NA,NA
Lipeurus caponis (L.),1992,Lipeurus caponis,"Causton, 2006",NA,NA,NA,NA,NA,NA
Vernoniella guimaraesi Thompson,1988,Vernoniella guimaraesi,"Causton, 2006",NA,NA,NA,NA,NA,NA
Polyplax spinulosa (Burmeister),1923,Polyplax spinulosa,"Causton, 2006",NA,NA,NA,NA,NA,NA
Bovicola (Bovicola) caprae (Gurlt),1992,Bovicola (Bovicola),"Causton, 2006",NA,NA,NA,NA,NA,NA
Archipsocus spinosus Thornton,1967,Archipsocus spinosus,"Causton, 2006",NA,NA,NA,NA,NA,NA
Caecilius insularum,1967,Caecilius insularum,"Causton, 2006",NA,NA,NA,NA,NA,NA
Ectopsocus maindroni Badonnel,1967,Ectopsocus maindroni,"Causton, 2006",NA,NA,NA,NA,NA,NA
Ectopsocus meridionalis Ribaga,1967,Ectopsocus meridionalis,"Causton, 2006",NA,NA,NA,NA,NA,NA
Ectopsocus richardsi Pearman,1967,Ectopsocus richardsi,"Causton, 2006",NA,NA,NA,NA,NA,NA
Lachesilla aethiopica Enderlein,1967,Lachesilla aethiopica,"Causton, 2006",NA,NA,NA,NA,NA,NA
Echmepteryx madagascariensis,1967,Echmepteryx madagascariensis,"Causton, 2006",NA,NA,NA,NA,NA,NA
Embidopsocus pauliani Badonnel,1967,Embidopsocus pauliani,"Causton, 2006",NA,NA,NA,NA,NA,NA
Liposcelis entomophila (Enderlein),2001,Liposcelis entomophila,"Causton, 2006",NA,NA,NA,NA,NA,NA
Peripsocus pauliani Badonnel,1967,Peripsocus pauliani,"Causton, 2006",NA,NA,NA,NA,NA,NA
Peripsocus stagnivagus Chapman,1967,Peripsocus stagnivagus,"Causton, 2006",NA,NA,NA,NA,NA,NA
Pseudocaecilius criniger Perkins,1967,Pseudocaecilius criniger,"Causton, 2006",NA,NA,NA,NA,NA,NA
Pseudocaecilius tahitiensis Karny,1967,Pseudocaecilius tahitiensis,"Causton, 2006",NA,NA,NA,NA,NA,NA
Psoquilla marginepunctata Hagen,1967,Psoquilla marginepunctata,"Causton, 2006",NA,NA,NA,NA,NA,NA
Ctenocephalides felis (Bouche´),1989,Ctenocephalides felis,"Causton, 2006",NA,NA,NA,NA,NA,NA
Pulex irritans L.,1989,Pulex irritans,"Causton, 2006",NA,NA,NA,NA,NA,NA
Tunga penetrans L.,1947,Tunga penetrans,"Causton, 2006",NA,NA,NA,NA,NA,NA
Merothrips morgani Hood,1989,Merothrips morgani,"Causton, 2006",NA,NA,NA,NA,NA,NA
Adraneothrips tibialis (Hood),1989,Adraneothrips tibialis,"Causton, 2006",NA,NA,NA,NA,NA,NA
Haplothrips gowdeyi Franklin,1989,Haplothrips gowdeyi,"Causton, 2006",NA,NA,NA,NA,NA,NA
"Karnyothrips, near longiceps (Hood)",1989,"Karnyothrips, near","Causton, 2006",NA,NA,NA,NA,NA,NA
Strepterothrips floridanus Hood,1989,Strepterothrips floridanus,"Causton, 2006",NA,NA,NA,NA,NA,NA
Frankliniella sp1,2001,Frankliniella sp1,"Causton, 2006",NA,NA,NA,NA,NA,NA
Thrips sp1,1989,Thrips sp1,"Causton, 2006",NA,NA,NA,NA,NA,NA
Thrips tabaci Lindeman,2001,Thrips tabaci,"Causton, 2006",NA,NA,NA,NA,NA,NA
Nicoletia meinerti Silvestri,1964,Nicoletia meinerti,"Causton, 2006",NA,NA,NA,NA,NA,NA
NA,NA,Acrolepiopsis jaspidata,"Causton, 2006",NA,NA,NA,NA,NA,NA
NA,NA,Asciodes gordialis,"Causton, 2006",NA,NA,NA,NA,NA,NA
NA,NA,Crocidosema synneurota,"Causton, 2006",NA,NA,NA,NA,NA,NA
NA,NA,Epinotia lantana,"Causton, 2006",NA,NA,NA,NA,NA,NA
NA,NA,Phereoeca allutella,"Causton, 2006",NA,NA,NA,NA,NA,NA
NA,NA,Unadilla maturella,"Causton, 2006",NA,NA,NA,NA,NA,NA
NA,1998,Bemisia tabaci,Causton et al 2006,Hemiptera,Aleyrodidae,Bemisia,Unintentional introduction,Establishment outdoors,Not eradicated
NA,2000,Singhiella citrifolii,Causton et al 2006,Hemiptera,Aleyrodidae,Singhiella,Unintentional introduction,Establishment outdoors,Not eradicated
NA,1964,Amphiareus constrictus,Causton et al 2006,Hemiptera,Anthocoridae,Amphiareus,Unintentional introduction,Establishment outdoors,Not eradicated
NA,1992,Neomyzus circumflexus,Causton et al 2006,Hemiptera,Aphididae,Neomyzus,Unintentional introduction,Establishment outdoors,Not eradicated
NA,2016,Toxoptera aurantii,Cañarte Bermúdez et al 2020,Hemiptera,Aphididae,Toxoptera,Unintentional introduction,Establishment outdoors,Not eradicated
NA,2016,Dalbulus maidis,Cañarte Bermúdez et al 2020,Hemiptera,Cicadellidae,Dalbulus,NA,NA,NA
NA,1932,Exitianus fasciolatus,Causton et al 2006,Hemiptera,Cicadellidae,Exitianus,Unintentional introduction,Establishment outdoors,Not eradicated
NA,2001,Protalebrella brasiliensis,Causton et al 2006,Hemiptera,Cicadellidae,Protalebrella,Unintentional introduction,Establishment outdoors,Not eradicated
NA,1925,Cimex lectularius,Causton et al 2006,Hemiptera,Cimicidae,Cimex,Unintentional introduction,Establishment outdoors,Not eradicated
NA,2006,Coccus longulus,Lincango et al 2010,Hemiptera,Coccidae,Coccus,Unintentional introduction,Establishment outdoors,Not eradicated
NA,2006,Inglisia vitrea,Lincango et al 2010,Hemiptera,Coccidae,Inglisia,Unintentional introduction,Establishment outdoors,Not eradicated
NA,2003,Metadelphax propinqua,Causton et al 2006,Hemiptera,Delphacidae,Metadelphax,Unintentional introduction,Establishment outdoors,Not eradicated
NA,2006,Pseudaonidia trilobitiformis,Lincango et al 2010,Hemiptera,Diaspididae,Pseudaonidia,Unintentional introduction,Establishment outdoors,Not eradicated
NA,1973,Selenaspidis articulatus,Causton et al 2006,Hemiptera,Diaspididae,Selenaspidis,Unintentional introduction,Establishment outdoors,Not eradicated
NA,1974,Insignorthezia insignis,Causton et al 2006,Hemiptera,Ortheziidae,Insignorthezia,Unintentional introduction,Establishment outdoors,Not eradicated
NA,1964,Praelongorthezia praelonga,Causton et al 2006,Hemiptera,Ortheziidae,Praelongorthezia,Unintentional introduction,Establishment outdoors,Not eradicated
NA,2005,Antiteuchus tripterus,CDF dataZone,Hemiptera,Pentatomidae,Antiteuchus,Unintentional introduction,Establishment outdoors,Not eradicated
NA,2002,Nipaecoccus nipae,Lincango et al 2010,Hemiptera,Pseudococcidae,Nipaecoccus,Unintentional introduction,Establishment outdoors,Not eradicated
NA,2008,Pseudococcus elisae,Lincango et al 2010,Hemiptera,Pseudococcidae,Pseudococcus,Unintentional introduction,Establishment outdoors,Not eradicated
NA,2008,Pseudococcus longispinus,Lincango et al 2010,Hemiptera,Pseudococcidae,Pseudococcus,Unintentional introduction,Establishment outdoors,Not eradicated
NA,2016,Spodoptera sunia,Cañarte Bermúdez et al. 2020,Lepidoptera,Noctuidae,NA,NA,NA,NA
NA,2016,Trichoplusia ni,Cañarte Bermúdez et al. 2020,Lepidoptera,Noctuidae,NA,NA,NA,NA
NA,2016,Stegasta bosquella,Cañarte Bermúdez et al. 2020,Lepidoptera,Gelechiidae,NA,NA,NA,NA
NA,2016,Hypothenemus hampei,Cañarte Bermúdez et al. 2020,Coleoptera,Curculionidae,NA,NA,NA,NA
NA,2016,Hippodamia convergens,Cañarte Bermúdez et al. 2020,Coleoptera,Coccinellidae,NA,NA,NA,NA
NA,2016,Ageniaspis citricola,Cañarte Bermúdez et al. 2020,Hymenoptera,Encyrtidae,NA,NA,NA,NA
NA,2006,Pheidole megacephala,"Herrera, 2013",Hymenoptera,Formicidae,NA,NA,NA,NA
NA,2009,Frankliniella occidentalis,"Hoodle, 2011",Thysanoptera,Thripidae,NA,NA,NA,NA
NA,2009,Gynaikothrips uzeli,"Hoodle, 2011",Thysanoptera,Phlaeothripidae,NA,NA,NA,NA
NA,2009,Thrips palmi,"Hoodle, 2011",Thysanoptera,Thripidae,NA,NA,NA,NA
NA,2009,Androthrips ramachandrai,"Hoodle, 2011",Thysanoptera,Phlaeothripidae,NA,NA,NA,NA
NA,2001,Chaetanaphothrips orchidii,"Peck, 2001",Thysanoptera,Thripidae,NA,NA,NA,NA
NA,2011,Elixothrips brevisetis,"Hoodle, 2011",Thysanoptera,Thripidae,NA,NA,NA,NA
NA,2011,Bamboosiella cingulata,"Hoodle, 2011",Thysanoptera,Phlaeothripidae,NA,NA,NA,NA
